{
  "model_name": "XGBoost Credit Risk Classifier",
  "training_date": "2026-01-13T00:28:24.068862",
  "feature_names": [
    "loan_amnt",
    "term",
    "int_rate",
    "installment",
    "grade",
    "sub_grade",
    "emp_title",
    "emp_length",
    "home_ownership",
    "annual_inc",
    "verification_status",
    "purpose",
    "dti",
    "delinq_2yrs",
    "earliest_cr_line",
    "open_acc",
    "pub_rec",
    "revol_bal",
    "revol_util",
    "total_acc",
    "debt_to_income_ratio",
    "credit_utilization",
    "stability_index"
  ],
  "best_hyperparameters": {
    "colsample_bytree": 0.794696861183782,
    "gamma": 4.53049393859277,
    "learning_rate": 0.13597436599802432,
    "max_depth": 7,
    "min_child_weight": 1,
    "n_estimators": 383,
    "reg_alpha": 0.6689240596630996,
    "reg_lambda": 0.8641675650719031,
    "subsample": 0.6920741072966221
  },
  "test_metrics": {
    "accuracy": 0.7902333897465429,
    "precision": 0.541377762258692,
    "recall": 0.1275697913605642,
    "f1_score": 0.206483894903065,
    "roc_auc": 0.7193630058385541
  },
  "confusion_matrix": [
    [
      303392,
      9194
    ],
    [
      74222,
      10853
    ]
  ]
}